Built,n,prop
3.4.0,106,0.38686131386861317
3.4.1,39,0.14233576642335766
3.4.2,47,0.17153284671532848
3.4.3,82,0.29927007299270075
